<application>
  <component name="Trusted.Paths">
    <option name="TRUSTED_PROJECT_PATHS">
      <map>
        <entry key="C:\Users\stefa\IdeaProjects\Introduction to IDE Code Refactoring in Java" value="true" />
        <entry key="D:\Repo\AtHomeFX" value="true" />
        <entry key="D:\Repo\BelmanPhotoDocumentationApp" value="true" />
        <entry key="D:\Repo\EventTicketsEASV" value="true" />
        <entry key="D:\Repo\ExamProjectBelman" value="true" />
        <entry key="D:\Repo\ExamProjectBelman\athomefx" value="true" />
        <entry key="D:\Repo\MyDevPlatform" value="true" />
        <entry key="D:\Repo\New Language Features in Java 9-17" value="true" />
        <entry key="D:\Repo\SuperGluonMobile" value="true" />
        <entry key="D:\Repo\athomefx-cli" value="true" />
      </map>
    </option>
  </component>
  <component name="Trusted.Paths.Settings">
    <option name="TRUSTED_PATHS">
      <list>
        <option value="D:\Repo" />
      </list>
    </option>
  </component>
</application>