<application>
  <component name="DimensionService">
    <location key="find.popup.0.0.1920.1080@120dpi" x="689" y="0" />
    <size key="GridCell.Tab.0.left.0.0.1920.1080@120dpi" width="1818" height="302" />
    <size key="GridCell.Tab.0.center.0.0.1920.1080@120dpi" width="1818" height="302" />
    <size key="GridCell.Tab.0.right.0.0.1920.1080@120dpi" width="1818" height="302" />
    <size key="GridCell.Tab.0.bottom.0.0.1920.1080@120dpi" width="1818" height="302" />
    <size key="GridCell.Tab.1.left.0.0.1920.1080@120dpi" width="1818" height="302" />
    <size key="GridCell.Tab.1.center.0.0.1920.1080@120dpi" width="1818" height="302" />
    <size key="GridCell.Tab.1.right.0.0.1920.1080@120dpi" width="1818" height="302" />
    <size key="GridCell.Tab.1.bottom.0.0.1920.1080@120dpi" width="1818" height="302" />
    <size key="find.popup.0.0.1920.1080@120dpi" width="793" height="830" />
    <size key="GridCell.Tab.2.left.0.0.1920.1080@120dpi" width="1272" height="204" />
    <size key="GridCell.Tab.2.center.0.0.1920.1080@120dpi" width="1272" height="204" />
    <size key="GridCell.Tab.2.right.0.0.1920.1080@120dpi" width="1272" height="204" />
    <size key="GridCell.Tab.2.bottom.0.0.1920.1080@120dpi" width="1272" height="204" />
    <size key="GridCell.Tab.3.left.0.0.1920.1080@120dpi" width="1272" height="204" />
    <size key="GridCell.Tab.3.center.0.0.1920.1080@120dpi" width="1272" height="204" />
    <size key="GridCell.Tab.3.right.0.0.1920.1080@120dpi" width="1272" height="204" />
    <size key="GridCell.Tab.3.bottom.0.0.1920.1080@120dpi" width="1272" height="204" />
    <size key="GridCell.Tab.4.left.0.0.1920.1080@120dpi" width="1272" height="183" />
    <size key="GridCell.Tab.4.center.0.0.1920.1080@120dpi" width="1272" height="183" />
    <size key="GridCell.Tab.4.right.0.0.1920.1080@120dpi" width="1272" height="183" />
    <size key="GridCell.Tab.4.bottom.0.0.1920.1080@120dpi" width="1272" height="183" />
    <size key="GridCell.Tab.5.left.0.0.1920.1080@120dpi" width="1272" height="183" />
    <size key="GridCell.Tab.5.center.0.0.1920.1080@120dpi" width="1272" height="183" />
    <size key="GridCell.Tab.5.right.0.0.1920.1080@120dpi" width="1272" height="183" />
    <size key="GridCell.Tab.5.bottom.0.0.1920.1080@120dpi" width="1272" height="183" />
    <size key="GridCell.Tab.6.left.0.0.1920.1080@120dpi" width="1272" height="183" />
    <size key="GridCell.Tab.6.center.0.0.1920.1080@120dpi" width="1272" height="183" />
    <size key="GridCell.Tab.6.right.0.0.1920.1080@120dpi" width="1272" height="183" />
    <size key="GridCell.Tab.6.bottom.0.0.1920.1080@120dpi" width="1272" height="183" />
    <size key="GridCell.Tab.7.left.0.0.1920.1080@120dpi" width="1272" height="183" />
    <size key="GridCell.Tab.7.center.0.0.1920.1080@120dpi" width="1272" height="183" />
    <size key="GridCell.Tab.7.right.0.0.1920.1080@120dpi" width="1272" height="183" />
    <size key="GridCell.Tab.7.bottom.0.0.1920.1080@120dpi" width="1272" height="183" />
    <size key="GridCell.Tab.8.left.0.0.1920.1080@120dpi" width="1272" height="183" />
    <size key="GridCell.Tab.8.center.0.0.1920.1080@120dpi" width="1272" height="183" />
    <size key="GridCell.Tab.8.right.0.0.1920.1080@120dpi" width="1272" height="183" />
    <size key="GridCell.Tab.8.bottom.0.0.1920.1080@120dpi" width="1272" height="183" />
    <size key="GridCell.Tab.9.left.0.0.1920.1080@120dpi" width="1272" height="204" />
    <size key="GridCell.Tab.9.center.0.0.1920.1080@120dpi" width="1272" height="204" />
    <size key="GridCell.Tab.9.right.0.0.1920.1080@120dpi" width="1272" height="204" />
    <size key="GridCell.Tab.9.bottom.0.0.1920.1080@120dpi" width="1272" height="204" />
    <size key="GridCell.Tab.10.left.0.0.1920.1080@120dpi" width="1272" height="204" />
    <size key="GridCell.Tab.10.center.0.0.1920.1080@120dpi" width="1272" height="204" />
    <size key="GridCell.Tab.10.right.0.0.1920.1080@120dpi" width="1272" height="204" />
    <size key="GridCell.Tab.10.bottom.0.0.1920.1080@120dpi" width="1272" height="204" />
    <size key="GridCell.Tab.11.left.0.0.1920.1080@120dpi" width="1272" height="204" />
    <size key="GridCell.Tab.11.center.0.0.1920.1080@120dpi" width="1272" height="204" />
    <size key="GridCell.Tab.11.right.0.0.1920.1080@120dpi" width="1272" height="204" />
    <size key="GridCell.Tab.11.bottom.0.0.1920.1080@120dpi" width="1272" height="204" />
    <size key="GridCell.Tab.12.left.0.0.1920.1080@120dpi" width="1272" height="204" />
    <size key="GridCell.Tab.12.center.0.0.1920.1080@120dpi" width="1272" height="204" />
    <size key="GridCell.Tab.12.right.0.0.1920.1080@120dpi" width="1272" height="204" />
    <size key="GridCell.Tab.12.bottom.0.0.1920.1080@120dpi" width="1272" height="204" />
    <size key="GridCell.Tab.13.left.0.0.1920.1080@120dpi" width="1272" height="204" />
    <size key="GridCell.Tab.13.center.0.0.1920.1080@120dpi" width="1272" height="204" />
    <size key="GridCell.Tab.13.right.0.0.1920.1080@120dpi" width="1272" height="204" />
    <size key="GridCell.Tab.13.bottom.0.0.1920.1080@120dpi" width="1272" height="204" />
    <size key="GridCell.Tab.14.left.0.0.1920.1080@120dpi" width="1272" height="204" />
    <size key="GridCell.Tab.14.center.0.0.1920.1080@120dpi" width="1272" height="204" />
    <size key="GridCell.Tab.14.right.0.0.1920.1080@120dpi" width="1272" height="204" />
    <size key="GridCell.Tab.14.bottom.0.0.1920.1080@120dpi" width="1272" height="204" />
  </component>
  <component name="WindowManager">
    <frame x="-9" y="-9" width="1938" height="1048" extendedState="6" />
  </component>
  <component name="WindowStateApplicationService">
    <state x="549" y="159" key="FileChooserDialogImpl" timestamp="1744376762497">
      <screen x="0" y="0" width="1536" height="824" />
    </state>
    <state x="549" y="159" key="FileChooserDialogImpl/0.0.1536.824" timestamp="1744376762497" />
    <state width="668" height="311" key="ShowUsagesActions.dimensionServiceKey" timestamp="1746350780997">
      <screen x="0" y="0" width="1536" height="824" />
    </state>
    <state width="668" height="311" key="ShowUsagesActions.dimensionServiceKey/0.0.1536.824" timestamp="1746350780997" />
    <state x="768" y="383" width="800" height="650" key="WELCOME_SCREEN" timestamp="1745342380226">
      <screen x="0" y="0" width="1536" height="824" />
    </state>
    <state x="768" y="383" width="800" height="650" key="WELCOME_SCREEN/0.0.1536.824" timestamp="1745342380226" />
  </component>
</application>